id,first_name,last_name,email,gender,location,tx_date
1,Jessica,Gonzalez,jgonzalez0@vk.com,Female,2,2017-01-11
2,Sara,Dunn,sdunn1@alexa.com,Female,10,2016-07-18
3,Phillip,Crawford,pcrawford2@latimes.com,Male,6,2016-10-23
4,George,Sanchez,gsanchez3@discuz.net,Male,2,2017-01-15
5,Ashley,Stone,astone4@i2i.jp,Female,9,2016-02-19
6,Emily,Owens,eowens5@huffingtonpost.com,Female,5,2016-01-30
7,Judith,Williams,jwilliams6@samsung.com,Female,3,2016-08-07
8,Benjamin,Fox,bfox7@utexas.edu,Male,6,2016-04-29
9,Paula,Patterson,ppatterson8@about.me,Female,2,2017-03-23
10,Aaron,Moreno,amoreno9@shutterfly.com,Male,10,2016-04-18
11,Linda,Mitchell,lmitchella@foxnews.com,Female,2,2016-11-15
12,Sandra,Russell,srussellb@ycombinator.com,Female,10,2017-01-05
13,Roger,Bryant,rbryantc@wordpress.org,Male,1,2016-11-19
14,Rachel,Cox,rcoxd@pinterest.com,Female,5,2016-03-28
15,Amy,Nelson,anelsone@dropbox.com,Female,5,2016-04-18
16,Antonio,Kelley,akelleyf@uol.com.br,Male,10,2016-10-17
17,Carlos,Griffin,cgriffing@mapquest.com,Male,8,2016-11-02
18,Evelyn,Lewis,elewish@sun.com,Female,7,2016-04-05
19,Jeffrey,Martinez,jmartinezi@ox.ac.uk,Male,9,2016-08-04
20,Rachel,Simmons,rsimmonsj@naver.com,Female,1,2016-11-30
21,Denise,Parker,dparkerk@printfriendly.com,Female,1,2017-03-17
22,Gloria,Crawford,gcrawfordl@unblog.fr,Female,6,2016-12-21
23,Carol,Ortiz,cortizm@yelp.com,Female,6,2016-08-31
24,Sarah,Carroll,scarrolln@wsj.com,Female,5,2016-10-14
25,Norma,Baker,nbakero@i2i.jp,Female,2,2016-01-08
26,Todd,Sanchez,tsanchezp@dailymail.co.uk,Male,3,2016-05-01
27,Heather,Grant,hgrantq@1688.com,Female,8,2016-04-28
28,Mark,Watkins,mwatkinsr@reference.com,Male,2,2016-11-06
29,Brian,Kelly,bkellys@foxnews.com,Male,10,2016-04-06
30,Kenneth,Mcdonald,kmcdonaldt@taobao.com,Male,8,2016-05-29
31,Michelle,Reid,mreidu@thetimes.co.uk,Female,9,2016-08-25
32,Angela,Miller,amillerv@ehow.com,Female,3,2016-03-15
33,Benjamin,Day,bdayw@tmall.com,Male,3,2016-03-12
34,Adam,Richards,arichardsx@bandcamp.com,Male,2,2016-03-09
35,Judy,Reynolds,jreynoldsy@skyrock.com,Female,10,2016-05-12
36,Joan,Washington,jwashingtonz@skype.com,Female,2,2016-03-15
37,Jacqueline,Daniels,jdaniels10@paypal.com,Female,9,2016-12-06
38,Carl,Harris,charris11@illinois.edu,Male,2,2016-03-26
39,Annie,Warren,awarren12@ibm.com,Female,1,2016-05-07
40,Wayne,Thomas,wthomas13@techcrunch.com,Male,5,2016-05-22
41,Louise,Stewart,lstewart14@hc360.com,Female,3,2016-03-15
42,Todd,Arnold,tarnold15@canalblog.com,Male,7,2017-01-10
43,Alan,Hunt,ahunt16@imdb.com,Male,4,2016-12-18
44,Fred,Oliver,foliver17@accuweather.com,Male,10,2016-12-16
45,Joyce,Bowman,jbowman18@hibu.com,Female,2,2017-01-13
46,Philip,Jones,pjones19@princeton.edu,Male,2,2016-04-12
47,Anna,Carpenter,acarpenter1a@weebly.com,Female,1,2016-08-26
48,Paula,Johnson,pjohnson1b@google.cn,Female,7,2016-04-20
49,Wanda,Vasquez,wvasquez1c@businessinsider.com,Female,9,2016-01-31
50,Patricia,Kim,pkim1d@t.co,Female,8,2017-03-26
51,Carol,Sims,csims1e@tamu.edu,Female,10,2016-01-27
52,Janet,Pierce,jpierce1f@flavors.me,Female,3,2016-12-11
53,Tammy,James,tjames1g@mlb.com,Female,8,2016-08-25
54,Stephanie,Ryan,sryan1h@adobe.com,Female,8,2017-02-18
55,Lori,Richards,lrichards1i@tinyurl.com,Female,10,2016-12-25
56,Jose,Vasquez,jvasquez1j@mail.ru,Male,5,2016-10-07
57,Paula,Day,pday1k@wufoo.com,Female,4,2016-07-20
58,Lori,Flores,lflores1l@smh.com.au,Female,9,2016-07-14
59,Julie,Fields,jfields1m@engadget.com,Female,3,2016-04-13
60,Kevin,Ryan,kryan1n@rediff.com,Male,5,2016-12-08
61,Frances,Williamson,fwilliamson1o@google.ca,Female,2,2016-03-25
62,Ashley,Armstrong,aarmstrong1p@flickr.com,Female,3,2016-09-06
63,Judith,Gilbert,jgilbert1q@patch.com,Female,1,2017-03-25
64,Arthur,Boyd,aboyd1r@wikipedia.org,Male,5,2017-03-09
65,Cynthia,Chapman,cchapman1s@instagram.com,Female,1,2016-08-02
66,Cheryl,Alexander,calexander1t@cdbaby.com,Female,9,2016-05-06
67,Richard,Black,rblack1u@plala.or.jp,Male,4,2016-04-24
68,Aaron,Davis,adavis1v@vistaprint.com,Male,6,2016-10-03
69,Janice,Gray,jgray1w@examiner.com,Female,1,2016-12-07
70,Martin,Stone,mstone1x@typepad.com,Male,7,2016-06-08
71,Laura,Hunt,lhunt1y@lycos.com,Female,2,2016-09-07
72,Jennifer,Williams,jwilliams1z@w3.org,Female,10,2017-01-06
73,Kimberly,Watson,kwatson20@dailymotion.com,Female,9,2017-01-31
74,Debra,Garcia,dgarcia21@deviantart.com,Female,8,2016-10-03
75,Jerry,Johnson,jjohnson22@discovery.com,Male,2,2017-02-23
76,Mark,Richardson,mrichardson23@wikipedia.org,Male,7,2016-08-23
77,Barbara,Hawkins,bhawkins24@cpanel.net,Female,3,2017-03-01
78,Craig,Williams,cwilliams25@ebay.co.uk,Male,7,2016-09-25
79,Rose,Wood,rwood26@t-online.de,Female,7,2016-05-26
80,Brian,Green,bgreen27@1688.com,Male,6,2016-07-17
81,Joseph,Snyder,jsnyder28@canalblog.com,Male,8,2016-03-17
82,Helen,Morris,hmorris29@japanpost.jp,Female,9,2016-08-20
83,Roger,Gonzales,rgonzales2a@i2i.jp,Male,4,2016-08-15
84,Mary,Arnold,marnold2b@drupal.org,Female,7,2016-02-24
85,Sarah,Henry,shenry2c@tinypic.com,Female,7,2016-06-19
86,William,Barnes,wbarnes2d@de.vu,Male,10,2017-01-07
87,Ronald,King,rking2e@mail.ru,Male,1,2016-12-02
88,Richard,Morales,rmorales2f@baidu.com,Male,2,2016-07-27
89,Cynthia,Collins,ccollins2g@bing.com,Female,5,2017-01-14
90,Edward,Willis,ewillis2h@hibu.com,Male,8,2016-10-24
91,Arthur,Mccoy,amccoy2i@discovery.com,Male,2,2017-02-21
92,James,Smith,jsmith2j@microsoft.com,Male,3,2017-03-23
93,Margaret,Carroll,mcarroll2k@creativecommons.org,Female,4,2016-06-24
94,Douglas,Hamilton,dhamilton2l@nhs.uk,Male,10,2016-07-04
95,Lois,Torres,ltorres2m@godaddy.com,Female,1,2016-09-10
96,George,Holmes,gholmes2n@wsj.com,Male,7,2016-09-30
97,Jesse,Bennett,jbennett2o@bravesites.com,Male,7,2016-02-15
98,Rebecca,Bennett,rbennett2p@google.nl,Female,6,2016-02-29
99,Amanda,Freeman,afreeman2q@thetimes.co.uk,Female,7,2016-03-25
100,Andrea,Jordan,ajordan2r@ftc.gov,Female,5,2017-02-14
101,Jessica,Arnold,jarnold2s@ucoz.ru,Female,6,2016-11-02
102,Matthew,Dunn,mdunn2t@parallels.com,Male,2,2016-05-13
103,Cheryl,Woods,cwoods2u@dagondesign.com,Female,9,2016-03-27
104,Mary,Hunter,mhunter2v@seesaa.net,Female,2,2016-05-10
105,Jacqueline,Meyer,jmeyer2w@people.com.cn,Female,8,2016-08-19
106,Denise,Taylor,dtaylor2x@psu.edu,Female,6,2016-11-21
107,Albert,Wheeler,awheeler2y@youtu.be,Male,9,2016-05-18
108,Aaron,Lawson,alawson2z@yellowbook.com,Male,10,2016-06-22
109,Jonathan,Gomez,jgomez30@plala.or.jp,Male,8,2016-08-26
110,Annie,Barnes,abarnes31@who.int,Female,8,2016-02-13
111,Angela,Roberts,aroberts32@smh.com.au,Female,8,2016-03-16
112,Arthur,Flores,aflores33@mapy.cz,Male,1,2016-09-02
113,Virginia,Kelley,vkelley34@artisteer.com,Female,8,2016-04-03
114,Carl,Price,cprice35@vinaora.com,Male,10,2016-01-14
115,Elizabeth,Mendoza,emendoza36@ucsd.edu,Female,6,2016-12-12
116,David,Lee,dlee37@engadget.com,Male,9,2016-03-14
117,Anne,Miller,amiller38@vinaora.com,Female,2,2016-07-31
118,Ernest,Patterson,epatterson39@jiathis.com,Male,1,2016-11-23
119,Victor,Duncan,vduncan3a@slashdot.org,Male,8,2016-06-30
120,Kathryn,Greene,kgreene3b@cbslocal.com,Female,5,2016-07-01
121,Scott,Banks,sbanks3c@dropbox.com,Male,6,2017-01-31
122,Karen,Grant,kgrant3d@abc.net.au,Female,3,2016-01-24
123,Andrea,Carr,acarr3e@chicagotribune.com,Female,3,2016-11-01
124,Irene,Fox,ifox3f@github.com,Female,4,2016-12-16
125,Lori,Hamilton,lhamilton3g@naver.com,Female,5,2016-01-25
126,Edward,Cook,ecook3h@unc.edu,Male,7,2016-04-12
127,Dennis,Meyer,dmeyer3i@weibo.com,Male,5,2016-11-05
128,Maria,Mccoy,mmccoy3j@narod.ru,Female,9,2016-12-28
129,Jason,Taylor,jtaylor3k@lycos.com,Male,2,2016-03-30
130,Maria,Kelly,mkelly3l@zimbio.com,Female,2,2016-04-16
131,Johnny,Wallace,jwallace3m@topsy.com,Male,6,2016-05-14
132,Pamela,West,pwest3n@cisco.com,Female,8,2016-09-16
133,Debra,Duncan,dduncan3o@nhs.uk,Female,10,2016-08-25
134,Justin,Stanley,jstanley3p@google.nl,Male,1,2017-03-25
135,Kenneth,Watkins,kwatkins3q@youku.com,Male,6,2016-04-16
136,Diana,Peters,dpeters3r@vk.com,Female,10,2016-12-17
137,Evelyn,Tucker,etucker3s@twitpic.com,Female,2,2016-02-06
138,Stephen,Gray,sgray3t@techcrunch.com,Male,9,2016-04-30
139,Lori,Perry,lperry3u@reddit.com,Female,10,2017-03-04
140,Judy,Stanley,jstanley3v@angelfire.com,Female,1,2016-03-21
141,Joshua,Peters,jpeters3w@upenn.edu,Male,7,2016-07-11
142,Eric,Webb,ewebb3x@51.la,Male,5,2016-04-06
143,Debra,Lewis,dlewis3y@booking.com,Female,6,2016-06-28
144,Susan,Allen,sallen3z@dot.gov,Female,5,2016-06-27
145,George,Fernandez,gfernandez40@businessinsider.com,Male,8,2017-02-25
146,Douglas,Greene,dgreene41@harvard.edu,Male,3,2016-02-15
147,Martha,Hanson,mhanson42@ihg.com,Female,5,2016-09-04
148,Christine,Hart,chart43@goo.ne.jp,Female,9,2016-10-14
149,Andrea,Austin,aaustin44@cbc.ca,Female,7,2016-06-02
150,Anne,Green,agreen45@amazon.de,Female,4,2016-07-20
151,Ann,Richardson,arichardson46@home.pl,Female,8,2016-07-20
152,Robert,Ray,rray47@ehow.com,Male,4,2016-04-08
153,Catherine,Lopez,clopez48@arizona.edu,Female,2,2016-08-05
154,Alan,Watson,awatson49@addtoany.com,Male,9,2016-04-16
155,Diane,Fernandez,dfernandez4a@aol.com,Female,10,2016-11-26
156,Anne,Gomez,agomez4b@mediafire.com,Female,6,2016-06-04
157,Dennis,Garcia,dgarcia4c@washingtonpost.com,Male,1,2016-04-15
158,Carol,Harper,charper4d@unesco.org,Female,10,2017-01-04
159,Brenda,Ford,bford4e@odnoklassniki.ru,Female,6,2016-05-23
160,Kevin,Ford,kford4f@sohu.com,Male,4,2016-08-04
161,Kenneth,Jacobs,kjacobs4g@google.com,Male,7,2016-12-09
162,Jeffrey,Reed,jreed4h@cnbc.com,Male,6,2016-08-23
163,Lillian,Larson,llarson4i@nsw.gov.au,Female,3,2016-05-20
164,Julia,Stewart,jstewart4j@theguardian.com,Female,9,2016-01-30
165,Kathryn,Vasquez,kvasquez4k@addthis.com,Female,3,2016-08-28
166,Larry,Ray,lray4l@ibm.com,Male,7,2016-11-27
167,Fred,Dixon,fdixon4m@nationalgeographic.com,Male,2,2016-03-17
168,Cheryl,Torres,ctorres4n@biglobe.ne.jp,Female,6,2016-08-27
169,Rebecca,Marshall,rmarshall4o@moonfruit.com,Female,3,2016-03-22
170,Stephanie,Diaz,sdiaz4p@boston.com,Female,7,2016-07-16
171,Jose,Hicks,jhicks4q@europa.eu,Male,5,2016-06-08
172,Brenda,Lawrence,blawrence4r@un.org,Female,2,2016-03-24
173,Gary,Hughes,ghughes4s@ibm.com,Male,5,2016-11-07
174,Marie,Warren,mwarren4t@mit.edu,Female,10,2017-01-31
175,Alan,Burns,aburns4u@dion.ne.jp,Male,5,2016-09-03
176,Alan,Hansen,ahansen4v@ovh.net,Male,2,2016-03-02
177,Jason,Wright,jwright4w@fc2.com,Male,4,2016-05-01
178,Bruce,Wheeler,bwheeler4x@seesaa.net,Male,1,2016-03-29
179,Justin,Bailey,jbailey4y@cmu.edu,Male,4,2016-09-10
180,Ruby,Hunter,rhunter4z@tinyurl.com,Female,9,2016-12-19
181,Bonnie,Ross,bross50@harvard.edu,Female,10,2016-06-01
182,Ruby,Patterson,rpatterson51@bandcamp.com,Female,8,2016-08-08
183,Wayne,Burton,wburton52@ucla.edu,Male,5,2017-01-15
184,Kathryn,Wheeler,kwheeler53@mapquest.com,Female,8,2016-06-03
185,Barbara,Hayes,bhayes54@deliciousdays.com,Female,9,2016-01-07
186,Jack,Perry,jperry55@paginegialle.it,Male,4,2017-02-08
187,Maria,Foster,mfoster56@wunderground.com,Female,5,2016-01-18
188,Patrick,Chapman,pchapman57@bing.com,Male,3,2017-02-25
189,Ruby,Warren,rwarren58@archive.org,Female,2,2017-02-02
190,Kevin,Watson,kwatson59@webeden.co.uk,Male,2,2016-03-28
191,Carl,Hayes,chayes5a@state.tx.us,Male,1,2016-02-13
192,Matthew,Gomez,mgomez5b@ow.ly,Male,6,2016-11-30
193,Henry,Fernandez,hfernandez5c@hud.gov,Male,4,2016-10-20
194,Robert,Walker,rwalker5d@paypal.com,Male,9,2016-07-02
195,Anthony,Wagner,awagner5e@sohu.com,Male,2,2016-02-29
196,Keith,Ford,kford5f@4shared.com,Male,9,2016-02-18
197,Howard,Carter,hcarter5g@psu.edu,Male,8,2017-03-29
198,Chris,Riley,criley5h@who.int,Male,6,2016-07-01
199,Brenda,Stone,bstone5i@sbwire.com,Female,5,2017-01-30
200,Walter,Hudson,whudson5j@jugem.jp,Male,4,2016-05-23
201,Kathleen,Garza,kgarza5k@baidu.com,Female,1,2017-03-03
202,Amy,Turner,aturner5l@altervista.org,Female,6,2017-01-21
203,Christopher,Miller,cmiller5m@virginia.edu,Male,3,2016-07-05
204,Thomas,Cunningham,tcunningham5n@amazon.co.uk,Male,3,2016-03-14
205,Jean,Burke,jburke5o@soundcloud.com,Female,5,2016-02-17
206,Anna,Webb,awebb5p@marketwatch.com,Female,5,2016-10-17
207,Jonathan,Peters,jpeters5q@livejournal.com,Male,4,2016-06-09
208,Christina,Bishop,cbishop5r@technorati.com,Female,5,2016-08-24
209,Ruth,Cox,rcox5s@nyu.edu,Female,7,2016-08-19
210,Lawrence,Fox,lfox5t@adobe.com,Male,9,2016-06-27
211,Jimmy,Ramos,jramos5u@apple.com,Male,1,2016-03-08
212,Gregory,Gardner,ggardner5v@wordpress.com,Male,1,2016-11-11
213,Denise,Daniels,ddaniels5w@java.com,Female,6,2016-02-10
214,Wayne,Evans,wevans5x@soup.io,Male,8,2016-06-22
215,Craig,Sims,csims5y@sfgate.com,Male,3,2017-01-02
216,Harold,Frazier,hfrazier5z@redcross.org,Male,3,2017-01-06
217,Willie,Alexander,walexander60@time.com,Male,1,2017-01-25
218,Deborah,Cunningham,dcunningham61@apache.org,Female,1,2016-01-14
219,Heather,Sims,hsims62@nasa.gov,Female,4,2016-03-01
220,Lawrence,Sanders,lsanders63@geocities.jp,Male,5,2016-06-17
221,Mark,Fuller,mfuller64@house.gov,Male,4,2016-04-20
222,Debra,Phillips,dphillips65@gmpg.org,Female,5,2016-10-04
223,Lori,Gomez,lgomez66@meetup.com,Female,4,2016-12-04
224,Diana,Lawrence,dlawrence67@europa.eu,Female,1,2016-11-24
225,Wayne,Patterson,wpatterson68@noaa.gov,Male,5,2016-08-04
226,Kimberly,Holmes,kholmes69@eepurl.com,Female,6,2016-11-21
227,Heather,Fuller,hfuller6a@flavors.me,Female,7,2016-06-05
228,Angela,Knight,aknight6b@ucsd.edu,Female,3,2016-06-24
229,Larry,Little,llittle6c@i2i.jp,Male,4,2016-07-05
230,Julia,Fernandez,jfernandez6d@trellian.com,Female,7,2017-01-21
231,Randy,Thomas,rthomas6e@moonfruit.com,Male,7,2016-11-05
232,Juan,Cox,jcox6f@geocities.jp,Male,2,2016-09-25
233,Amanda,West,awest6g@photobucket.com,Female,8,2017-01-07
234,Kathleen,Flores,kflores6h@chicagotribune.com,Female,4,2016-07-20
235,Jeffrey,Wells,jwells6i@delicious.com,Male,5,2016-07-27
236,Matthew,Sullivan,msullivan6j@hugedomains.com,Male,5,2016-03-22
237,Phillip,Fernandez,pfernandez6k@ebay.com,Male,7,2016-08-29
238,Carl,Bishop,cbishop6l@pbs.org,Male,9,2016-02-01
239,Barbara,Kim,bkim6m@arstechnica.com,Female,9,2016-10-01
240,Brandon,Hernandez,bhernandez6n@sphinn.com,Male,9,2016-04-25
241,Kelly,Garza,kgarza6o@sourceforge.net,Female,9,2017-03-16
242,Rebecca,Patterson,rpatterson6p@exblog.jp,Female,4,2016-08-13
243,Fred,Welch,fwelch6q@theatlantic.com,Male,4,2016-12-17
244,Virginia,Scott,vscott6r@dion.ne.jp,Female,5,2017-02-06
245,Julie,Gomez,jgomez6s@patch.com,Female,7,2016-02-03
246,Andrew,Larson,alarson6t@jalbum.net,Male,10,2017-03-14
247,Joan,Burton,jburton6u@tinyurl.com,Female,10,2016-02-10
248,Craig,Garrett,cgarrett6v@nyu.edu,Male,10,2017-01-23
249,Alice,Rivera,arivera6w@salon.com,Female,5,2017-01-24
250,Carlos,Fisher,cfisher6x@ow.ly,Male,4,2017-01-08
251,Julia,Johnston,jjohnston6y@a8.net,Female,8,2016-10-13
252,Keith,Powell,kpowell6z@sbwire.com,Male,9,2016-10-19
253,Shawn,Roberts,sroberts70@1und1.de,Male,1,2017-02-05
254,Gerald,Chavez,gchavez71@sfgate.com,Male,8,2016-02-03
255,Albert,Cooper,acooper72@multiply.com,Male,8,2016-07-22
256,Jack,Ward,jward73@unc.edu,Male,7,2016-05-04
257,Stephen,Moore,smoore74@blog.com,Male,1,2016-01-29
258,Randy,Watkins,rwatkins75@csmonitor.com,Male,7,2016-07-15
259,Donald,Kelley,dkelley76@google.com.au,Male,2,2016-07-15
260,Irene,Fisher,ifisher77@hud.gov,Female,7,2016-10-08
261,Janet,Dunn,jdunn78@imageshack.us,Female,9,2016-12-16
262,Harold,Young,hyoung79@purevolume.com,Male,7,2017-02-06
263,Katherine,Andrews,kandrews7a@nymag.com,Female,7,2017-02-24
264,Lisa,Baker,lbaker7b@biglobe.ne.jp,Female,5,2016-02-06
265,John,Gonzales,jgonzales7c@businessinsider.com,Male,8,2016-04-01
266,Catherine,Robertson,crobertson7d@yandex.ru,Female,10,2017-01-31
267,Johnny,Walker,jwalker7e@booking.com,Male,1,2016-11-10
268,Benjamin,Murray,bmurray7f@google.fr,Male,1,2016-12-10
269,Joyce,Barnes,jbarnes7g@telegraph.co.uk,Female,8,2016-02-29
270,Nancy,Mcdonald,nmcdonald7h@ibm.com,Female,3,2016-12-13
271,Helen,Russell,hrussell7i@latimes.com,Female,9,2017-01-01
272,Chris,Stanley,cstanley7j@state.gov,Male,9,2016-03-29
273,Jane,Jones,jjones7k@army.mil,Female,8,2016-07-31
274,Edward,Mccoy,emccoy7l@aol.com,Male,4,2016-05-29
275,Angela,Riley,ariley7m@exblog.jp,Female,8,2016-08-02
276,Karen,Sanders,ksanders7n@tripadvisor.com,Female,3,2016-12-25
277,Aaron,Shaw,ashaw7o@cnn.com,Male,3,2016-07-22
278,Michelle,Tucker,mtucker7p@home.pl,Female,4,2016-11-04
279,Catherine,Lopez,clopez7q@economist.com,Female,10,2016-07-26
280,Bruce,Garza,bgarza7r@ihg.com,Male,9,2017-02-09
281,Christine,Gilbert,cgilbert7s@irs.gov,Female,1,2016-10-18
282,Todd,Bennett,tbennett7t@wikia.com,Male,1,2016-11-06
283,Dennis,Mills,dmills7u@jigsy.com,Male,3,2016-02-17
284,George,Hawkins,ghawkins7v@goodreads.com,Male,9,2016-12-21
285,Frank,Hunt,fhunt7w@parallels.com,Male,9,2016-07-21
286,Shawn,Perry,sperry7x@netvibes.com,Male,3,2016-09-01
287,Tammy,Hamilton,thamilton7y@guardian.co.uk,Female,2,2017-03-01
288,Christine,Weaver,cweaver7z@bloglovin.com,Female,6,2017-01-25
289,Charles,Wheeler,cwheeler80@army.mil,Male,4,2016-10-12
290,Theresa,Bailey,tbailey81@pen.io,Female,6,2016-05-11
291,David,Oliver,doliver82@miibeian.gov.cn,Male,6,2016-01-09
292,Chris,Stevens,cstevens83@domainmarket.com,Male,10,2016-12-05
293,Peter,Gilbert,pgilbert84@bing.com,Male,9,2016-07-06
294,Dennis,Larson,dlarson85@behance.net,Male,5,2016-04-12
295,Denise,Mendoza,dmendoza86@wordpress.org,Female,7,2016-08-04
296,Julia,Dunn,jdunn87@gizmodo.com,Female,5,2016-04-24
297,Ralph,Brown,rbrown88@columbia.edu,Male,6,2016-05-22
298,Kelly,Burke,kburke89@wikimedia.org,Female,6,2016-06-11
299,James,Day,jday8a@statcounter.com,Male,1,2016-11-06
300,Scott,Jenkins,sjenkins8b@ebay.co.uk,Male,4,2016-01-03
301,Steven,Bryant,sbryant8c@auda.org.au,Male,8,2016-01-18
302,Susan,Murray,smurray8d@networksolutions.com,Female,6,2016-08-08
303,Nancy,Alexander,nalexander8e@wsj.com,Female,4,2016-10-26
304,Louis,Morris,lmorris8f@home.pl,Male,4,2017-03-12
305,Michelle,Romero,mromero8g@sfgate.com,Female,3,2016-01-27
306,Ryan,Gomez,rgomez8h@mtv.com,Male,1,2017-01-11
307,Johnny,Crawford,jcrawford8i@skype.com,Male,8,2016-10-08
308,James,Howell,jhowell8j@marketwatch.com,Male,8,2016-05-11
309,Jesse,Phillips,jphillips8k@businesswire.com,Male,6,2016-06-10
310,Sharon,Campbell,scampbell8l@multiply.com,Female,1,2016-01-21
311,Nancy,Edwards,nedwards8m@buzzfeed.com,Female,4,2016-08-15
312,Sandra,Gordon,sgordon8n@dailymail.co.uk,Female,3,2017-03-11
313,Phyllis,Richards,prichards8o@nature.com,Female,8,2016-08-18
314,Carolyn,Morales,cmorales8p@discuz.net,Female,7,2016-04-09
315,Andrew,Elliott,aelliott8q@geocities.com,Male,7,2016-06-25
316,Gregory,Vasquez,gvasquez8r@kickstarter.com,Male,2,2016-02-01
317,Bonnie,Anderson,banderson8s@tinypic.com,Female,5,2016-07-04
318,Melissa,Warren,mwarren8t@bbc.co.uk,Female,1,2017-02-01
319,Samuel,Miller,smiller8u@cafepress.com,Male,5,2016-04-29
320,Jeremy,Morrison,jmorrison8v@mail.ru,Male,10,2017-02-12
321,Diana,Carroll,dcarroll8w@google.de,Female,1,2017-03-15
322,Eric,Butler,ebutler8x@arizona.edu,Male,4,2016-11-15
323,Heather,Hart,hhart8y@hud.gov,Female,10,2016-06-19
324,Mary,Perry,mperry8z@slideshare.net,Female,2,2016-06-12
325,Joyce,Lawson,jlawson90@nyu.edu,Female,1,2016-03-15
326,Terry,Hernandez,thernandez91@homestead.com,Male,7,2016-12-03
327,Sandra,Cook,scook92@dailymotion.com,Female,8,2016-11-14
328,David,Lawson,dlawson93@mozilla.org,Male,1,2016-08-24
329,Peter,Cook,pcook94@skype.com,Male,8,2016-11-30
330,Annie,Parker,aparker95@theatlantic.com,Female,10,2016-08-23
331,Patrick,Harris,pharris96@dion.ne.jp,Male,7,2016-12-10
332,Catherine,Boyd,cboyd97@hexun.com,Female,10,2016-12-31
333,Joshua,Hudson,jhudson98@ucla.edu,Male,4,2017-01-14
334,Carol,Thompson,cthompson99@sciencedaily.com,Female,6,2016-11-10
335,Harold,Chapman,hchapman9a@imageshack.us,Male,7,2016-03-10
336,Bruce,Turner,bturner9b@archive.org,Male,5,2016-01-13
337,Steve,Williamson,swilliamson9c@deviantart.com,Male,5,2017-01-28
338,Steve,Young,syoung9d@unesco.org,Male,6,2016-01-09
339,Martin,Johnson,mjohnson9e@hexun.com,Male,7,2016-07-18
340,Lisa,Stevens,lstevens9f@ca.gov,Female,7,2016-01-04
341,Dorothy,Reynolds,dreynolds9g@multiply.com,Female,1,2017-02-10
342,Beverly,Banks,bbanks9h@jiathis.com,Female,4,2016-10-27
343,Aaron,Coleman,acoleman9i@geocities.jp,Male,10,2016-12-27
344,Betty,Parker,bparker9j@latimes.com,Female,4,2016-01-11
345,Howard,Banks,hbanks9k@utexas.edu,Male,8,2016-01-31
346,Judith,Wells,jwells9l@howstuffworks.com,Female,9,2017-02-21
347,Bruce,Nichols,bnichols9m@eepurl.com,Male,7,2016-10-28
348,Jeremy,Mason,jmason9n@vkontakte.ru,Male,7,2016-03-18
349,Ralph,Bennett,rbennett9o@soundcloud.com,Male,5,2016-02-05
350,Samuel,Fernandez,sfernandez9p@diigo.com,Male,10,2016-01-15
351,Elizabeth,Baker,ebaker9q@1und1.de,Female,1,2016-01-20
352,Tina,Rogers,trogers9r@hubpages.com,Female,6,2016-08-31
353,Karen,Austin,kaustin9s@dropbox.com,Female,7,2016-02-20
354,Chris,Robinson,crobinson9t@goodreads.com,Male,9,2016-05-25
355,Kathy,Jackson,kjackson9u@printfriendly.com,Female,7,2017-03-21
356,Christopher,Chavez,cchavez9v@google.fr,Male,2,2016-06-10
357,Lois,Morrison,lmorrison9w@google.com.br,Female,2,2016-05-19
358,Phyllis,Day,pday9x@meetup.com,Female,6,2016-02-19
359,Wanda,Burke,wburke9y@adobe.com,Female,9,2017-01-18
360,George,Ross,gross9z@github.com,Male,5,2017-03-15
361,Jonathan,Green,jgreena0@state.gov,Male,2,2016-04-21
362,Albert,Porter,aportera1@cloudflare.com,Male,8,2016-01-25
363,Ernest,Austin,eaustina2@netlog.com,Male,2,2016-09-06
364,Russell,Nguyen,rnguyena3@twitter.com,Male,10,2017-01-20
365,Ruth,Williamson,rwilliamsona4@eepurl.com,Female,7,2016-07-08
366,Christopher,Gibson,cgibsona5@harvard.edu,Male,2,2016-11-20
367,Jose,Carr,jcarra6@abc.net.au,Male,10,2016-05-08
368,Julia,Sanders,jsandersa7@privacy.gov.au,Female,9,2016-09-16
369,Mary,Medina,mmedinaa8@list-manage.com,Female,2,2016-06-18
370,Michael,Stewart,mstewarta9@pagesperso-orange.fr,Male,2,2016-01-08
371,Antonio,Chapman,achapmanaa@theatlantic.com,Male,7,2016-02-15
372,Aaron,Cruz,acruzab@deliciousdays.com,Male,9,2016-04-30
373,Kathy,Hayes,khayesac@nps.gov,Female,10,2016-12-10
374,Craig,Jacobs,cjacobsad@businesswire.com,Male,4,2016-01-04
375,Lawrence,Reyes,lreyesae@gov.uk,Male,10,2016-10-07
376,Jeremy,Grant,jgrantaf@fc2.com,Male,5,2017-02-22
377,Brian,Owens,bowensag@buzzfeed.com,Male,1,2016-02-19
378,Earl,Bradley,ebradleyah@theguardian.com,Male,10,2016-09-08
379,Cynthia,Butler,cbutlerai@statcounter.com,Female,1,2016-07-04
380,Juan,Rivera,jriveraaj@vistaprint.com,Male,6,2017-01-17
381,Jesse,Mendoza,jmendozaak@cbc.ca,Male,7,2016-07-17
382,Harold,Myers,hmyersal@admin.ch,Male,8,2016-09-11
383,Joe,Flores,jfloresam@indiatimes.com,Male,6,2017-03-13
384,Gloria,Gray,ggrayan@geocities.com,Female,7,2016-05-06
385,Ralph,Hayes,rhayesao@histats.com,Male,9,2016-01-18
386,Daniel,Reed,dreedap@nps.gov,Male,10,2016-07-09
387,Theresa,Wilson,twilsonaq@paypal.com,Female,5,2016-12-23
388,Phyllis,Hawkins,phawkinsar@discovery.com,Female,9,2016-03-21
389,Dorothy,Jacobs,djacobsas@icio.us,Female,6,2016-06-21
390,Karen,Morales,kmoralesat@unesco.org,Female,3,2016-08-10
391,Carl,Dixon,cdixonau@home.pl,Male,4,2016-03-19
392,Beverly,Jackson,bjacksonav@google.ru,Female,9,2016-08-24
393,Gloria,Watkins,gwatkinsaw@webeden.co.uk,Female,9,2016-01-12
394,Melissa,Oliver,moliverax@gov.uk,Female,5,2016-11-30
395,Jessica,Hughes,jhughesay@dion.ne.jp,Female,7,2016-12-15
396,Justin,Lewis,jlewisaz@prnewswire.com,Male,8,2016-06-10
397,Todd,Romero,tromerob0@wix.com,Male,2,2016-06-23
398,Thomas,Lawrence,tlawrenceb1@theguardian.com,Male,4,2017-01-07
399,Raymond,Day,rdayb2@hexun.com,Male,7,2016-06-06
400,Frances,Harrison,fharrisonb3@gov.uk,Female,7,2016-08-03
401,Bruce,Stephens,bstephensb4@alibaba.com,Male,5,2017-02-13
402,Todd,Morris,tmorrisb5@umich.edu,Male,8,2016-06-03
403,Christine,Hunter,chunterb6@cpanel.net,Female,4,2017-03-27
404,Phillip,Sanders,psandersb7@e-recht24.de,Male,6,2016-07-08
405,Kathryn,Greene,kgreeneb8@hatena.ne.jp,Female,2,2017-02-26
406,Jason,Olson,jolsonb9@free.fr,Male,8,2016-09-21
407,Scott,Garcia,sgarciaba@shop-pro.jp,Male,1,2016-01-19
408,Alan,Hicks,ahicksbb@php.net,Male,2,2016-06-12
409,Scott,Bishop,sbishopbc@slideshare.net,Male,4,2016-12-14
410,Jeffrey,Jordan,jjordanbd@tumblr.com,Male,9,2017-03-04
411,Jimmy,Campbell,jcampbellbe@studiopress.com,Male,7,2016-06-17
412,Joyce,Bradley,jbradleybf@ca.gov,Female,9,2016-05-28
413,Debra,Lewis,dlewisbg@amazon.com,Female,9,2017-03-17
414,Samuel,Medina,smedinabh@google.com.au,Male,2,2016-10-03
415,Eugene,Fisher,efisherbi@unblog.fr,Male,2,2016-05-12
416,Evelyn,Montgomery,emontgomerybj@msn.com,Female,6,2016-07-23
417,Catherine,Bradley,cbradleybk@unesco.org,Female,6,2016-01-25
418,Christopher,Riley,crileybl@fotki.com,Male,4,2016-11-19
419,Phyllis,Coleman,pcolemanbm@jimdo.com,Female,9,2016-04-21
420,Mildred,Medina,mmedinabn@mediafire.com,Female,8,2017-01-28
421,Wayne,Cunningham,wcunninghambo@arstechnica.com,Male,7,2016-05-03
422,Michelle,Ford,mfordbp@fastcompany.com,Female,4,2016-12-22
423,Phyllis,Daniels,pdanielsbq@tumblr.com,Female,6,2016-05-11
424,Kathryn,Mason,kmasonbr@apache.org,Female,3,2016-02-17
425,Billy,Lynch,blynchbs@comcast.net,Male,8,2016-09-07
426,Donald,Shaw,dshawbt@i2i.jp,Male,4,2016-10-12
427,Julia,Russell,jrussellbu@examiner.com,Female,9,2017-01-16
428,Denise,Ward,dwardbv@nba.com,Female,5,2017-01-20
429,Terry,Morrison,tmorrisonbw@google.cn,Male,6,2017-01-27
430,Tammy,Marshall,tmarshallbx@barnesandnoble.com,Female,6,2016-01-15
431,George,Woods,gwoodsby@yellowbook.com,Male,8,2016-03-25
432,William,Bryant,wbryantbz@webs.com,Male,4,2016-06-18
433,Catherine,Martin,cmartinc0@w3.org,Female,10,2016-09-16
434,Jennifer,Gray,jgrayc1@aboutads.info,Female,9,2016-06-04
435,Roger,Barnes,rbarnesc2@smh.com.au,Male,8,2016-07-31
436,Marilyn,Ruiz,mruizc3@w3.org,Female,8,2016-10-20
437,Henry,Montgomery,hmontgomeryc4@parallels.com,Male,4,2017-03-17
438,Rebecca,Barnes,rbarnesc5@indiegogo.com,Female,6,2016-03-12
439,Paul,Washington,pwashingtonc6@51.la,Male,7,2016-01-08
440,Anne,Gutierrez,agutierrezc7@squarespace.com,Female,10,2016-03-08
441,Melissa,Green,mgreenc8@oracle.com,Female,7,2016-07-08
442,Julia,Hawkins,jhawkinsc9@jiathis.com,Female,5,2016-04-15
443,Jennifer,Clark,jclarkca@thetimes.co.uk,Female,9,2017-01-14
444,Katherine,George,kgeorgecb@csmonitor.com,Female,8,2016-02-26
445,Judy,Fisher,jfishercc@berkeley.edu,Female,2,2016-12-05
446,Henry,Jones,hjonescd@ycombinator.com,Male,7,2016-11-13
447,Christine,Butler,cbutlerce@state.gov,Female,5,2016-02-20
448,Phyllis,Hart,phartcf@1688.com,Female,4,2016-09-09
449,Phyllis,Stone,pstonecg@opera.com,Female,3,2016-12-07
450,Paula,Porter,pporterch@cbc.ca,Female,9,2016-03-13
451,Patricia,Sullivan,psullivanci@yolasite.com,Female,2,2017-03-16
452,Ryan,Brown,rbrowncj@studiopress.com,Male,1,2016-10-25
453,Sean,Garza,sgarzack@sphinn.com,Male,4,2016-03-12
454,Gloria,Chapman,gchapmancl@smugmug.com,Female,2,2016-05-31
455,Harold,Richardson,hrichardsoncm@php.net,Male,6,2016-12-09
456,Tammy,Sims,tsimscn@whitehouse.gov,Female,4,2017-03-14
457,Alice,Carr,acarrco@wunderground.com,Female,2,2016-06-13
458,Douglas,Warren,dwarrencp@columbia.edu,Male,3,2017-03-05
459,Carl,Stanley,cstanleycq@weather.com,Male,10,2016-09-06
460,Sara,Jacobs,sjacobscr@deviantart.com,Female,4,2016-05-25
461,Lawrence,Gonzales,lgonzalescs@noaa.gov,Male,8,2016-06-14
462,Carol,Hudson,chudsonct@php.net,Female,9,2016-07-05
463,Maria,Owens,mowenscu@fema.gov,Female,4,2017-02-03
464,Gregory,Peterson,gpetersoncv@gravatar.com,Male,4,2016-07-21
465,Annie,Bailey,abaileycw@addthis.com,Female,8,2016-01-20
466,Jose,Burns,jburnscx@webmd.com,Male,2,2016-08-03
467,Frank,Lane,flanecy@rakuten.co.jp,Male,7,2016-02-12
468,Adam,Jenkins,ajenkinscz@zdnet.com,Male,10,2017-03-17
469,Juan,Gray,jgrayd0@sakura.ne.jp,Male,2,2017-02-16
470,Tammy,Fernandez,tfernandezd1@si.edu,Female,2,2017-01-25
471,Martin,Thomas,mthomasd2@umn.edu,Male,6,2016-09-08
472,Joe,Oliver,joliverd3@blogspot.com,Male,1,2016-08-15
473,Daniel,Adams,dadamsd4@bing.com,Male,8,2017-03-02
474,Roger,Jenkins,rjenkinsd5@ted.com,Male,4,2016-06-04
475,Bruce,Kim,bkimd6@google.cn,Male,10,2016-05-10
476,Karen,Kennedy,kkennedyd7@msn.com,Female,10,2016-11-19
477,Jonathan,Jones,jjonesd8@photobucket.com,Male,1,2016-05-06
478,Ann,Richardson,arichardsond9@tumblr.com,Female,1,2017-03-07
479,Joseph,Stevens,jstevensda@utexas.edu,Male,3,2017-03-21
480,Roger,Hughes,rhughesdb@cnet.com,Male,5,2016-06-19
481,Thomas,Owens,towensdc@sogou.com,Male,6,2016-09-21
482,Anna,Ramirez,aramirezdd@nature.com,Female,2,2017-01-21
483,Shawn,Perez,sperezde@prweb.com,Male,8,2016-02-18
484,Chris,West,cwestdf@desdev.cn,Male,8,2016-01-12
485,Jonathan,Hanson,jhansondg@squarespace.com,Male,5,2016-04-17
486,Roger,Larson,rlarsondh@engadget.com,Male,4,2017-01-15
487,Sarah,Anderson,sandersondi@php.net,Female,10,2016-03-15
488,Keith,Bailey,kbaileydj@cbc.ca,Male,1,2016-12-17
489,Ann,Knight,aknightdk@soundcloud.com,Female,7,2016-05-19
490,Angela,Fox,afoxdl@nymag.com,Female,1,2016-11-25
491,Roger,Dean,rdeandm@google.com.br,Male,8,2016-08-30
492,Joan,Moreno,jmorenodn@omniture.com,Female,5,2017-01-17
493,Amy,Mccoy,amccoydo@so-net.ne.jp,Female,3,2016-10-04
494,Nancy,Diaz,ndiazdp@printfriendly.com,Female,4,2016-01-04
495,Dorothy,Evans,devansdq@redcross.org,Female,7,2016-12-21
496,Tammy,Hayes,thayesdr@tinypic.com,Female,10,2016-04-19
497,Phyllis,Howard,phowardds@biglobe.ne.jp,Female,3,2016-01-08
498,Margaret,Thompson,mthompsondt@parallels.com,Female,9,2016-05-29
499,Jimmy,Evans,jevansdu@addthis.com,Male,7,2016-05-07
500,Keith,Wells,kwellsdv@yandex.ru,Male,4,2017-03-30
501,Albert,Smith,asmithdw@google.ru,Male,10,2016-04-19
502,Anna,Foster,afosterdx@abc.net.au,Female,8,2016-05-30
503,Jose,Reed,jreeddy@elegantthemes.com,Male,8,2016-04-03
504,Dorothy,Jackson,djacksondz@multiply.com,Female,1,2016-10-03
505,Dorothy,Garza,dgarzae0@addthis.com,Female,1,2016-03-04
506,Gary,Fields,gfieldse1@scribd.com,Male,4,2016-11-29
507,Paula,Hamilton,phamiltone2@github.io,Female,4,2016-03-17
508,Fred,Howard,fhowarde3@twitpic.com,Male,5,2016-08-14
509,Ruth,Ellis,rellise4@uiuc.edu,Female,6,2016-05-01
510,Craig,Woods,cwoodse5@github.io,Male,6,2016-09-10
511,Rebecca,Hudson,rhudsone6@deviantart.com,Female,2,2016-12-05
512,William,Morrison,wmorrisone7@discovery.com,Male,10,2017-03-14
513,Larry,Peterson,lpetersone8@blinklist.com,Male,5,2017-01-15
514,Mary,Lane,mlanee9@ebay.com,Female,8,2017-02-12
515,Christine,Peters,cpetersea@mapquest.com,Female,7,2016-10-18
516,Joan,Ellis,jelliseb@e-recht24.de,Female,3,2017-02-21
517,Thomas,Morrison,tmorrisonec@mozilla.com,Male,10,2016-09-23
518,Steven,Lopez,slopezed@ihg.com,Male,3,2016-07-28
519,Philip,Bailey,pbaileyee@walmart.com,Male,4,2016-03-29
520,Kenneth,Payne,kpayneef@yolasite.com,Male,8,2016-08-25
521,Clarence,Alexander,calexandereg@nydailynews.com,Male,9,2016-01-28
522,Douglas,King,dkingeh@ca.gov,Male,6,2016-10-17
523,Donna,Larson,dlarsonei@g.co,Female,6,2017-02-10
524,Paul,Gomez,pgomezej@cyberchimps.com,Male,9,2017-03-18
525,Jeremy,Kelley,jkelleyek@zdnet.com,Male,6,2017-02-09
526,Kelly,Stone,kstoneel@xrea.com,Female,2,2016-07-09
527,Aaron,Howard,ahowardem@phoca.cz,Male,3,2017-02-23
528,Emily,Fowler,efowleren@fotki.com,Female,3,2016-07-11
529,Emily,Cruz,ecruzeo@wp.com,Female,7,2017-02-20
530,Jimmy,Fox,jfoxep@lycos.com,Male,4,2017-01-19
531,Mary,Burns,mburnseq@oakley.com,Female,3,2017-03-24
532,Ashley,Baker,abakerer@icio.us,Female,5,2016-09-17
533,Louise,Fisher,lfisheres@ted.com,Female,9,2016-01-29
534,Deborah,Martin,dmartinet@networksolutions.com,Female,4,2016-12-31
535,Jeremy,Gutierrez,jgutierrezeu@icq.com,Male,2,2016-03-05
536,Anthony,Miller,amillerev@shop-pro.jp,Male,3,2016-09-23
537,Howard,Richards,hrichardsew@youtube.com,Male,8,2016-02-29
538,John,Bryant,jbryantex@seesaa.net,Male,1,2016-03-10
539,Timothy,Greene,tgreeneey@dailymail.co.uk,Male,8,2016-12-03
540,Andrea,Rivera,ariveraez@blog.com,Female,2,2016-05-02
541,Christopher,Harvey,charveyf0@cyberchimps.com,Male,3,2016-12-29
542,Bobby,Gonzalez,bgonzalezf1@forbes.com,Male,3,2016-07-16
543,Carolyn,Bishop,cbishopf2@forbes.com,Female,5,2016-08-27
544,Joan,Kim,jkimf3@discuz.net,Female,5,2016-04-05
545,Steven,Kelly,skellyf4@nature.com,Male,3,2016-05-09
546,Todd,Ramos,tramosf5@hp.com,Male,5,2016-11-10
547,Mark,Thompson,mthompsonf6@princeton.edu,Male,9,2016-04-22
548,Joyce,Ross,jrossf7@goodreads.com,Female,10,2016-10-19
549,Roy,Coleman,rcolemanf8@theguardian.com,Male,6,2016-01-21
550,Mildred,Myers,mmyersf9@hatena.ne.jp,Female,9,2016-09-02
551,Joshua,Peterson,jpetersonfa@ning.com,Male,10,2016-01-05
552,Scott,Pierce,spiercefb@engadget.com,Male,4,2016-01-15
553,Terry,Bailey,tbaileyfc@skype.com,Male,5,2016-07-09
554,Joe,Myers,jmyersfd@sourceforge.net,Male,1,2016-11-13
555,Martin,Arnold,marnoldfe@wikispaces.com,Male,1,2016-09-06
556,Steve,Henry,shenryff@seesaa.net,Male,3,2016-06-28
557,Roy,Reynolds,rreynoldsfg@buzzfeed.com,Male,6,2016-04-13
558,Randy,Harvey,rharveyfh@hibu.com,Male,7,2017-01-21
559,Todd,Perkins,tperkinsfi@stanford.edu,Male,5,2016-12-29
560,Stephanie,Washington,swashingtonfj@discuz.net,Female,5,2016-01-12
561,Louis,Fields,lfieldsfk@apple.com,Male,9,2017-03-05
562,Brian,Payne,bpaynefl@ezinearticles.com,Male,6,2016-04-08
563,Joseph,Baker,jbakerfm@jigsy.com,Male,9,2016-11-20
564,Deborah,West,dwestfn@imageshack.us,Female,2,2017-02-02
565,Lois,Allen,lallenfo@hibu.com,Female,1,2016-08-17
566,Tina,Hughes,thughesfp@shutterfly.com,Female,6,2017-02-19
567,Jonathan,Gutierrez,jgutierrezfq@bloomberg.com,Male,1,2016-09-11
568,Lori,Gilbert,lgilbertfr@g.co,Female,8,2016-12-18
569,Emily,Sullivan,esullivanfs@go.com,Female,8,2016-08-31
570,Kathy,Morgan,kmorganft@hibu.com,Female,9,2016-05-28
571,Heather,Garza,hgarzafu@chicagotribune.com,Female,8,2017-01-31
572,Scott,Brooks,sbrooksfv@ebay.com,Male,7,2017-01-19
573,Paula,Cooper,pcooperfw@scribd.com,Female,9,2016-01-14
574,Randy,Matthews,rmatthewsfx@weibo.com,Male,1,2017-03-08
575,Charles,Hart,chartfy@webeden.co.uk,Male,1,2016-07-25
576,Katherine,Morris,kmorrisfz@zimbio.com,Female,10,2017-03-07
577,Jeffrey,Ryan,jryang0@ft.com,Male,4,2016-11-10
578,Lillian,Murray,lmurrayg1@si.edu,Female,6,2016-09-10
579,Raymond,Cole,rcoleg2@nyu.edu,Male,8,2016-08-11
580,Ralph,Graham,rgrahamg3@patch.com,Male,7,2016-02-23
581,Betty,West,bwestg4@globo.com,Female,1,2016-10-12
582,Johnny,Diaz,jdiazg5@about.com,Male,9,2016-08-11
583,Ernest,Wallace,ewallaceg6@spotify.com,Male,4,2016-01-16
584,Adam,Morales,amoralesg7@ifeng.com,Male,8,2016-02-04
585,Gregory,Hill,ghillg8@youku.com,Male,2,2016-02-09
586,Lori,Watkins,lwatkinsg9@noaa.gov,Female,1,2016-08-22
587,Edward,Richardson,erichardsonga@marriott.com,Male,5,2017-02-13
588,Arthur,Carpenter,acarpentergb@cdbaby.com,Male,6,2016-04-30
589,Brenda,Hayes,bhayesgc@unblog.fr,Female,4,2017-03-03
590,Louis,Hansen,lhansengd@tinypic.com,Male,6,2016-12-19
591,Judy,Green,jgreenge@umich.edu,Female,7,2017-03-17
592,Benjamin,Alvarez,balvarezgf@ucla.edu,Male,3,2016-03-03
593,Carl,Mcdonald,cmcdonaldgg@ted.com,Male,8,2016-02-22
594,Stephen,West,swestgh@vinaora.com,Male,5,2017-01-19
595,Martha,Elliott,melliottgi@nps.gov,Female,9,2016-04-01
596,Theresa,Chavez,tchavezgj@bandcamp.com,Female,9,2016-01-19
597,Phyllis,George,pgeorgegk@naver.com,Female,8,2016-07-12
598,Randy,Hicks,rhicksgl@webs.com,Male,6,2016-05-08
599,Christopher,Ramos,cramosgm@bloomberg.com,Male,1,2017-03-17
600,Johnny,Gonzalez,jgonzalezgn@youtu.be,Male,7,2017-01-14
601,Edward,Fox,efoxgo@moonfruit.com,Male,4,2016-05-07
602,Rose,Parker,rparkergp@foxnews.com,Female,7,2016-12-16
603,Rebecca,Wagner,rwagnergq@ebay.co.uk,Female,10,2016-04-22
604,Evelyn,Robertson,erobertsongr@aboutads.info,Female,1,2017-03-06
605,Lawrence,Elliott,lelliottgs@un.org,Male,2,2017-03-13
606,Rose,Morgan,rmorgangt@dion.ne.jp,Female,6,2016-02-26
607,Andrew,Riley,arileygu@harvard.edu,Male,4,2016-11-04
608,Ann,Graham,agrahamgv@dropbox.com,Female,5,2016-04-09
609,Linda,Day,ldaygw@mozilla.com,Female,8,2016-02-06
610,Walter,Bennett,wbennettgx@ask.com,Male,7,2016-12-09
611,Amy,Gardner,agardnergy@patch.com,Female,9,2016-02-04
612,Albert,Marshall,amarshallgz@rambler.ru,Male,10,2016-01-30
613,Louise,Warren,lwarrenh0@princeton.edu,Female,4,2016-10-13
614,Justin,Pierce,jpierceh1@narod.ru,Male,8,2017-01-09
615,Samuel,Scott,sscotth2@marriott.com,Male,8,2016-03-21
616,Ashley,Bell,abellh3@mlb.com,Female,4,2017-02-26
617,Michael,Hawkins,mhawkinsh4@cpanel.net,Male,3,2016-12-05
618,Beverly,Cox,bcoxh5@archive.org,Female,8,2016-09-07
619,Johnny,Montgomery,jmontgomeryh6@wisc.edu,Male,9,2016-02-17
620,Diana,Ruiz,druizh7@mapy.cz,Female,3,2016-08-11
621,David,Frazier,dfrazierh8@cocolog-nifty.com,Male,4,2016-10-20
622,Nicholas,Baker,nbakerh9@statcounter.com,Male,8,2016-10-06
623,Gerald,Ferguson,gfergusonha@bandcamp.com,Male,2,2016-03-18
624,Emily,Murphy,emurphyhb@hc360.com,Female,9,2016-02-01
625,Antonio,Andrews,aandrewshc@canalblog.com,Male,7,2016-08-07
626,Joyce,Alexander,jalexanderhd@php.net,Female,2,2016-04-12
627,Ashley,Morris,amorrishe@pagesperso-orange.fr,Female,10,2017-01-23
628,Brian,Cunningham,bcunninghamhf@storify.com,Male,7,2017-03-04
629,Amanda,Reid,areidhg@forbes.com,Female,4,2016-01-12
630,Robert,Carroll,rcarrollhh@ox.ac.uk,Male,3,2017-02-19
631,Craig,Alvarez,calvarezhi@rediff.com,Male,6,2016-03-27
632,Harold,Moreno,hmorenohj@hexun.com,Male,8,2016-04-07
633,Mark,Walker,mwalkerhk@about.me,Male,3,2016-06-12
634,Harold,Black,hblackhl@addthis.com,Male,9,2017-03-12
635,Angela,Robinson,arobinsonhm@google.com,Female,1,2016-06-24
636,Barbara,Dunn,bdunnhn@opera.com,Female,5,2016-11-29
637,Arthur,Bryant,abryantho@samsung.com,Male,6,2016-03-02
638,Sarah,Day,sdayhp@feedburner.com,Female,3,2017-03-15
639,Joshua,Palmer,jpalmerhq@myspace.com,Male,9,2017-03-03
640,Todd,Snyder,tsnyderhr@prweb.com,Male,9,2016-01-26
641,Michael,Taylor,mtaylorhs@oakley.com,Male,3,2016-07-05
642,Sarah,Jackson,sjacksonht@bloglines.com,Female,9,2016-09-12
643,Maria,Rose,mrosehu@livejournal.com,Female,10,2016-03-28
644,Jose,Robinson,jrobinsonhv@zdnet.com,Male,6,2017-02-17
645,Bobby,Gonzalez,bgonzalezhw@psu.edu,Male,5,2017-02-09
646,Louise,Russell,lrussellhx@walmart.com,Female,8,2016-04-14
647,Wayne,Watkins,wwatkinshy@linkedin.com,Male,2,2016-07-23
648,Joshua,Castillo,jcastillohz@domainmarket.com,Male,2,2016-11-22
649,Eric,Day,edayi0@howstuffworks.com,Male,5,2016-03-12
650,Helen,Dixon,hdixoni1@marriott.com,Female,2,2017-01-21
651,Raymond,Gordon,rgordoni2@oracle.com,Male,9,2016-04-03
652,Antonio,Morrison,amorrisoni3@shareasale.com,Male,4,2016-01-16
653,Angela,Morgan,amorgani4@cpanel.net,Female,7,2017-03-15
654,Joe,Boyd,jboydi5@ihg.com,Male,4,2016-06-30
655,Harold,Thomas,hthomasi6@wordpress.org,Male,7,2016-01-13
656,Fred,Burns,fburnsi7@xrea.com,Male,5,2016-10-26
657,Lisa,Dixon,ldixoni8@theatlantic.com,Female,4,2016-07-06
658,Beverly,Reid,breidi9@wikimedia.org,Female,1,2017-03-05
659,Jennifer,Myers,jmyersia@washington.edu,Female,7,2016-02-09
660,Louise,Alvarez,lalvarezib@nature.com,Female,8,2016-10-30
661,Judith,Howell,jhowellic@europa.eu,Female,10,2016-12-11
662,Jane,Peters,jpetersid@github.com,Female,4,2016-12-09
663,Terry,Gonzalez,tgonzalezie@rediff.com,Male,1,2017-02-27
664,Chris,Powell,cpowellif@facebook.com,Male,8,2016-03-28
665,Wanda,Young,wyoungig@woothemes.com,Female,8,2016-07-13
666,Susan,Bryant,sbryantih@nih.gov,Female,1,2016-06-30
667,Catherine,Mcdonald,cmcdonaldii@dyndns.org,Female,8,2016-06-07
668,Ashley,Ortiz,aortizij@woothemes.com,Female,6,2017-01-15
669,Amy,Myers,amyersik@theglobeandmail.com,Female,6,2016-09-16
670,Jean,Torres,jtorresil@reddit.com,Female,9,2016-03-04
671,Roger,Fernandez,rfernandezim@printfriendly.com,Male,6,2017-02-11
672,Bobby,Jones,bjonesin@timesonline.co.uk,Male,5,2017-02-09
673,Arthur,Wright,awrightio@skype.com,Male,5,2016-04-26
674,Keith,Sullivan,ksullivanip@bigcartel.com,Male,1,2016-02-15
675,Louis,Ramirez,lramireziq@delicious.com,Male,6,2016-11-02
676,Brian,Franklin,bfranklinir@over-blog.com,Male,10,2016-10-06
677,Christina,Greene,cgreeneis@home.pl,Female,2,2016-04-20
678,Dorothy,Tucker,dtuckerit@fda.gov,Female,9,2017-02-02
679,Donna,Little,dlittleiu@ovh.net,Female,3,2016-05-24
680,Andrea,Boyd,aboydiv@illinois.edu,Female,8,2017-01-19
681,Johnny,Duncan,jduncaniw@epa.gov,Male,4,2017-02-18
682,Edward,Fox,efoxix@redcross.org,Male,6,2016-04-06
683,Jessica,Johnston,jjohnstoniy@reverbnation.com,Female,10,2016-03-19
684,Julie,Torres,jtorresiz@chron.com,Female,5,2016-07-04
685,Jonathan,Miller,jmillerj0@gov.uk,Male,2,2016-06-16
686,Peter,Porter,pporterj1@godaddy.com,Male,1,2016-04-24
687,Norma,Jones,njonesj2@biglobe.ne.jp,Female,3,2017-01-05
688,Justin,Holmes,jholmesj3@blogtalkradio.com,Male,4,2016-04-18
689,Sean,Matthews,smatthewsj4@tinyurl.com,Male,6,2016-02-21
690,Deborah,Richards,drichardsj5@china.com.cn,Female,4,2016-06-18
691,Ronald,Cunningham,rcunninghamj6@cbc.ca,Male,3,2016-01-03
692,Marie,Howard,mhowardj7@naver.com,Female,9,2016-09-16
693,Jonathan,George,jgeorgej8@shinystat.com,Male,3,2017-01-16
694,Mary,Howell,mhowellj9@lycos.com,Female,7,2016-04-30
695,Kevin,Alvarez,kalvarezja@cbc.ca,Male,5,2016-01-25
696,Bonnie,Carroll,bcarrolljb@mayoclinic.com,Female,3,2017-01-13
697,Phyllis,Bryant,pbryantjc@microsoft.com,Female,1,2017-01-02
698,Maria,Perry,mperryjd@hostgator.com,Female,1,2016-03-15
699,Benjamin,Snyder,bsnyderje@wikia.com,Male,2,2016-12-20
700,Jonathan,Thompson,jthompsonjf@cnbc.com,Male,4,2016-07-03
701,Tina,Carter,tcarterjg@go.com,Female,3,2016-10-21
702,Christina,Fisher,cfisherjh@163.com,Female,3,2016-02-25
703,Kevin,Stone,kstoneji@simplemachines.org,Male,5,2016-01-19
704,Bonnie,Gray,bgrayjj@ftc.gov,Female,8,2017-01-05
705,Joyce,Arnold,jarnoldjk@bandcamp.com,Female,2,2016-10-02
706,Phyllis,Mcdonald,pmcdonaldjl@4shared.com,Female,2,2016-05-25
707,Kathleen,Cunningham,kcunninghamjm@constantcontact.com,Female,4,2017-03-23
708,Shirley,Perry,sperryjn@webmd.com,Female,5,2017-02-18
709,Stephen,Reid,sreidjo@4shared.com,Male,2,2016-09-04
710,Walter,Davis,wdavisjp@elegantthemes.com,Male,4,2016-10-08
711,Chris,Knight,cknightjq@theguardian.com,Male,7,2016-04-05
712,Mary,Hawkins,mhawkinsjr@behance.net,Female,3,2016-07-11
713,Anthony,Garrett,agarrettjs@paypal.com,Male,4,2016-02-20
714,Theresa,Howell,thowelljt@arizona.edu,Female,6,2016-04-04
715,Andrew,Morrison,amorrisonju@home.pl,Male,8,2017-03-15
716,Aaron,Carr,acarrjv@google.com.au,Male,1,2016-06-04
717,Jennifer,Moore,jmoorejw@unicef.org,Female,1,2016-06-12
718,Victor,Sullivan,vsullivanjx@dailymail.co.uk,Male,10,2017-01-24
719,Evelyn,Peters,epetersjy@furl.net,Female,10,2017-02-18
720,Wanda,Hicks,whicksjz@netlog.com,Female,8,2016-12-01
721,Ann,Hanson,ahansonk0@google.com,Female,5,2016-10-23
722,Brian,Fox,bfoxk1@timesonline.co.uk,Male,1,2016-08-31
723,Todd,Gordon,tgordonk2@springer.com,Male,5,2016-02-19
724,Lillian,Knight,lknightk3@umich.edu,Female,1,2016-10-27
725,Nicholas,Knight,nknightk4@wufoo.com,Male,7,2016-03-18
726,Phillip,Baker,pbakerk5@apache.org,Male,10,2016-09-30
727,Bonnie,Anderson,bandersonk6@sphinn.com,Female,10,2017-01-09
728,Andrea,Turner,aturnerk7@surveymonkey.com,Female,5,2017-03-20
729,Evelyn,Wagner,ewagnerk8@digg.com,Female,3,2016-11-22
730,Angela,Andrews,aandrewsk9@nbcnews.com,Female,3,2017-03-07
731,Carolyn,Daniels,cdanielska@hostgator.com,Female,4,2016-02-17
732,Lawrence,Foster,lfosterkb@sfgate.com,Male,10,2016-02-27
733,Kelly,Duncan,kduncankc@gov.uk,Female,9,2016-11-03
734,Craig,Oliver,coliverkd@ft.com,Male,1,2016-12-30
735,Lillian,Phillips,lphillipske@java.com,Female,3,2017-01-22
736,Annie,Wells,awellskf@youtube.com,Female,2,2016-08-27
737,Tammy,Medina,tmedinakg@craigslist.org,Female,1,2016-09-17
738,Sarah,Hamilton,shamiltonkh@infoseek.co.jp,Female,3,2016-03-22
739,Antonio,Vasquez,avasquezki@jugem.jp,Male,9,2016-05-01
740,Larry,Thompson,lthompsonkj@digg.com,Male,6,2017-01-14
741,Dorothy,Black,dblackkk@unblog.fr,Female,1,2017-01-08
742,Todd,Wallace,twallacekl@engadget.com,Male,2,2016-12-31
743,Christine,Burke,cburkekm@bloglines.com,Female,9,2016-01-05
744,Frances,Johnson,fjohnsonkn@ehow.com,Female,8,2017-01-13
745,Louise,Grant,lgrantko@army.mil,Female,5,2016-06-18
746,Michael,Mills,mmillskp@linkedin.com,Male,5,2016-04-23
747,Kenneth,Oliver,koliverkq@simplemachines.org,Male,2,2016-10-20
748,Louis,Cole,lcolekr@fda.gov,Male,6,2016-01-22
749,Joseph,Willis,jwillisks@nature.com,Male,2,2016-10-20
750,Gerald,Murray,gmurraykt@msn.com,Male,6,2016-07-27
751,Betty,Lynch,blynchku@ocn.ne.jp,Female,6,2017-03-05
752,Frank,Palmer,fpalmerkv@tmall.com,Male,1,2016-06-16
753,Catherine,Kelley,ckelleykw@lycos.com,Female,7,2016-05-22
754,David,Hanson,dhansonkx@hp.com,Male,5,2017-01-16
755,Denise,Nelson,dnelsonky@ox.ac.uk,Female,6,2016-07-14
756,Margaret,Cooper,mcooperkz@ibm.com,Female,5,2016-01-14
757,Shirley,Hicks,shicksl0@reuters.com,Female,4,2016-05-22
758,Ann,Garcia,agarcial1@alexa.com,Female,3,2016-02-15
759,Stephen,White,swhitel2@senate.gov,Male,3,2016-10-30
760,Christopher,Nguyen,cnguyenl3@craigslist.org,Male,6,2016-05-08
761,Virginia,Boyd,vboydl4@msu.edu,Female,9,2017-02-12
762,Virginia,Elliott,velliottl5@parallels.com,Female,10,2016-02-18
763,Christopher,Cox,ccoxl6@imageshack.us,Male,10,2016-06-11
764,Donna,Fox,dfoxl7@salon.com,Female,5,2016-01-17
765,Louis,Hill,lhilll8@pagesperso-orange.fr,Male,7,2016-03-17
766,Teresa,Jones,tjonesl9@gravatar.com,Female,3,2016-04-03
767,Carl,Fernandez,cfernandezla@homestead.com,Male,4,2016-09-07
768,Marie,Sims,msimslb@wordpress.com,Female,1,2017-03-05
769,Louis,Bailey,lbaileylc@soundcloud.com,Male,5,2016-11-12
770,Gregory,Richardson,grichardsonld@fastcompany.com,Male,6,2016-12-21
771,Anthony,Hicks,ahicksle@cocolog-nifty.com,Male,6,2017-01-26
772,Jesse,Allen,jallenlf@omniture.com,Male,7,2016-11-11
773,Phillip,Hunt,phuntlg@tinypic.com,Male,3,2016-12-15
774,Peter,Burke,pburkelh@cmu.edu,Male,10,2016-09-18
775,Donald,Medina,dmedinali@hhs.gov,Male,6,2016-12-26
776,Ronald,Rodriguez,rrodriguezlj@twitpic.com,Male,2,2016-02-09
777,Joseph,Garcia,jgarcialk@shinystat.com,Male,7,2016-04-01
778,Laura,Murray,lmurrayll@taobao.com,Female,9,2016-04-11
779,Benjamin,Harrison,bharrisonlm@google.com.au,Male,7,2016-05-02
780,Nancy,Dixon,ndixonln@sphinn.com,Female,10,2016-03-12
781,Theresa,Riley,trileylo@devhub.com,Female,1,2017-02-17
782,Donna,Alexander,dalexanderlp@cbsnews.com,Female,9,2017-01-22
783,Adam,Simmons,asimmonslq@hugedomains.com,Male,1,2016-03-24
784,Kelly,Arnold,karnoldlr@hp.com,Female,9,2016-08-28
785,Amanda,Hall,ahallls@last.fm,Female,5,2016-06-13
786,Robin,Rice,rricelt@youku.com,Female,1,2017-02-18
787,Harold,Harris,hharrislu@dot.gov,Male,7,2017-01-31
788,Catherine,King,ckinglv@google.fr,Female,2,2016-01-24
789,Cynthia,Wells,cwellslw@1688.com,Female,3,2016-12-15
790,Benjamin,Reid,breidlx@drupal.org,Male,2,2017-02-16
791,Debra,Riley,drileyly@illinois.edu,Female,7,2016-08-12
792,John,Chapman,jchapmanlz@marriott.com,Male,8,2016-04-21
793,Amy,Payne,apaynem0@woothemes.com,Female,2,2016-05-23
794,Ralph,King,rkingm1@skype.com,Male,7,2017-03-18
795,Phillip,Henry,phenrym2@vimeo.com,Male,8,2016-06-13
796,Jack,Morris,jmorrism3@canalblog.com,Male,4,2016-02-23
797,Clarence,Banks,cbanksm4@hostgator.com,Male,5,2016-01-19
798,Eugene,Davis,edavism5@aboutads.info,Male,9,2016-08-31
799,Michelle,Bradley,mbradleym6@creativecommons.org,Female,4,2016-09-25
800,Keith,Andrews,kandrewsm7@icq.com,Male,7,2017-01-16
801,Gloria,Daniels,gdanielsm8@yellowbook.com,Female,3,2016-06-10
802,Jane,Foster,jfosterm9@parallels.com,Female,7,2016-02-15
803,Peter,Collins,pcollinsma@ucla.edu,Male,7,2016-05-24
804,Brandon,Mccoy,bmccoymb@wikia.com,Male,10,2016-10-03
805,Jacqueline,Ellis,jellismc@nsw.gov.au,Female,6,2016-06-11
806,Johnny,Lawrence,jlawrencemd@phpbb.com,Male,2,2017-03-24
807,Carl,Nelson,cnelsonme@army.mil,Male,8,2016-06-25
808,Harold,Chavez,hchavezmf@latimes.com,Male,10,2016-01-02
809,Ralph,Stone,rstonemg@examiner.com,Male,9,2016-06-01
810,Lori,Woods,lwoodsmh@163.com,Female,6,2016-10-04
811,Joyce,Collins,jcollinsmi@answers.com,Female,10,2016-10-03
812,Robert,Tucker,rtuckermj@tmall.com,Male,5,2016-01-22
813,Catherine,Mitchell,cmitchellmk@netlog.com,Female,6,2016-08-08
814,Donald,Gardner,dgardnerml@oakley.com,Male,10,2016-08-13
815,Karen,Dunn,kdunnmm@sphinn.com,Female,5,2016-05-13
816,Steven,Bell,sbellmn@vk.com,Male,3,2016-05-06
817,Jason,Austin,jaustinmo@alexa.com,Male,2,2016-07-11
818,Jacqueline,Pierce,jpiercemp@noaa.gov,Female,1,2016-12-06
819,Diana,Morrison,dmorrisonmq@nationalgeographic.com,Female,4,2016-05-25
820,Wayne,Carroll,wcarrollmr@github.io,Male,5,2016-02-18
821,Bruce,Ramirez,bramirezms@wikimedia.org,Male,5,2016-09-27
822,Frank,West,fwestmt@samsung.com,Male,4,2016-04-03
823,Billy,Brooks,bbrooksmu@youku.com,Male,5,2016-12-04
824,Maria,Bryant,mbryantmv@smh.com.au,Female,8,2017-01-28
825,Robin,Riley,rrileymw@freewebs.com,Female,4,2016-06-04
826,Sandra,Lane,slanemx@github.com,Female,3,2016-01-18
827,Jerry,Davis,jdavismy@newyorker.com,Male,6,2016-11-07
828,Robin,Garza,rgarzamz@mit.edu,Female,1,2016-09-20
829,Brenda,Alvarez,balvarezn0@etsy.com,Female,10,2017-03-11
830,Jose,White,jwhiten1@blinklist.com,Male,5,2016-02-29
831,Catherine,Ortiz,cortizn2@samsung.com,Female,9,2016-12-07
832,Eric,James,ejamesn3@google.com.hk,Male,8,2016-03-19
833,Margaret,Barnes,mbarnesn4@sciencedaily.com,Female,2,2017-02-03
834,Andrea,Spencer,aspencern5@reddit.com,Female,8,2016-01-12
835,Joan,Perry,jperryn6@prnewswire.com,Female,9,2016-10-21
836,Jason,Thompson,jthompsonn7@drupal.org,Male,10,2016-04-23
837,Rachel,Torres,rtorresn8@exblog.jp,Female,6,2016-01-09
838,Jean,Morris,jmorrisn9@posterous.com,Female,7,2016-11-30
839,Rose,Holmes,rholmesna@house.gov,Female,5,2016-08-20
840,David,Harper,dharpernb@com.com,Male,4,2016-05-23
841,Bonnie,Graham,bgrahamnc@forbes.com,Female,8,2017-03-07
842,Todd,Hart,thartnd@squarespace.com,Male,9,2016-01-05
843,Carlos,Sanders,csandersne@infoseek.co.jp,Male,6,2016-10-28
844,Christine,Bishop,cbishopnf@vkontakte.ru,Female,10,2017-02-24
845,Wanda,Olson,wolsonng@geocities.com,Female,2,2016-02-19
846,Russell,Garcia,rgarcianh@arstechnica.com,Male,5,2016-03-14
847,Jane,Gutierrez,jgutierrezni@auda.org.au,Female,9,2016-05-24
848,Kathryn,Wright,kwrightnj@mayoclinic.com,Female,2,2016-09-28
849,William,Morgan,wmorgannk@usda.gov,Male,8,2016-07-10
850,Frances,Chapman,fchapmannl@walmart.com,Female,7,2017-03-26
851,Helen,Hicks,hhicksnm@nationalgeographic.com,Female,1,2016-01-24
852,Roy,Carr,rcarrnn@marriott.com,Male,6,2016-11-10
853,Earl,Lee,eleeno@indiegogo.com,Male,8,2016-04-03
854,Thomas,Sanchez,tsancheznp@stumbleupon.com,Male,9,2016-02-24
855,Nicole,Howard,nhowardnq@bloomberg.com,Female,9,2016-01-06
856,Albert,Ruiz,aruiznr@nyu.edu,Male,5,2016-10-18
857,Kelly,Phillips,kphillipsns@twitter.com,Female,7,2017-03-05
858,Evelyn,Kelley,ekelleynt@odnoklassniki.ru,Female,1,2017-03-29
859,Clarence,Austin,caustinnu@economist.com,Male,6,2016-05-30
860,Harry,Stone,hstonenv@yahoo.co.jp,Male,7,2016-10-22
861,Daniel,Murphy,dmurphynw@storify.com,Male,8,2016-10-25
862,Patrick,Mills,pmillsnx@nbcnews.com,Male,3,2016-11-20
863,Diana,Scott,dscottny@businessweek.com,Female,4,2016-04-30
864,Gerald,Smith,gsmithnz@github.com,Male,7,2016-04-11
865,Timothy,Daniels,tdanielso0@ehow.com,Male,9,2016-04-17
866,Michael,Scott,mscotto1@telegraph.co.uk,Male,6,2016-12-05
867,Antonio,Hernandez,ahernandezo2@psu.edu,Male,6,2016-08-28
868,Jesse,Johnson,jjohnsono3@jugem.jp,Male,10,2016-09-16
869,Wayne,Webb,wwebbo4@photobucket.com,Male,2,2016-06-10
870,Arthur,Burton,aburtono5@wunderground.com,Male,4,2016-12-18
871,Robin,Ferguson,rfergusono6@google.com.br,Female,2,2016-10-14
872,Heather,Burke,hburkeo7@blinklist.com,Female,1,2016-02-02
873,Christine,Crawford,ccrawfordo8@apache.org,Female,10,2016-09-07
874,Paula,Lopez,plopezo9@dot.gov,Female,2,2017-03-13
875,Jerry,Pierce,jpierceoa@paginegialle.it,Male,6,2016-05-08
876,Scott,Snyder,ssnyderob@shutterfly.com,Male,5,2016-12-12
877,Patricia,Garrett,pgarrettoc@yellowpages.com,Female,1,2016-03-30
878,Susan,Cox,scoxod@reddit.com,Female,4,2016-10-11
879,Thomas,Oliver,toliveroe@cdc.gov,Male,9,2017-02-14
880,Katherine,Castillo,kcastilloof@usnews.com,Female,10,2016-04-27
881,Stephanie,Bishop,sbishopog@usa.gov,Female,5,2016-10-19
882,Albert,Welch,awelchoh@ihg.com,Male,5,2016-02-15
883,Lisa,Butler,lbutleroi@mozilla.com,Female,1,2016-04-01
884,Ruby,Shaw,rshawoj@nytimes.com,Female,5,2017-03-13
885,Linda,Matthews,lmatthewsok@shop-pro.jp,Female,8,2016-08-01
886,Wayne,Burke,wburkeol@mozilla.org,Male,5,2016-01-17
887,Jeremy,Reynolds,jreynoldsom@ucla.edu,Male,2,2016-01-22
888,David,Stanley,dstanleyon@cocolog-nifty.com,Male,5,2016-09-01
889,Jane,Walker,jwalkeroo@state.tx.us,Female,7,2017-02-26
890,Rose,Riley,rrileyop@360.cn,Female,4,2016-02-25
891,Carlos,Lewis,clewisoq@google.com,Male,10,2016-11-26
892,Patrick,Fowler,pfowleror@weebly.com,Male,3,2016-09-28
893,Victor,Gilbert,vgilbertos@newsvine.com,Male,7,2017-03-27
894,Jessica,Sullivan,jsullivanot@bloglines.com,Female,4,2016-06-30
895,Jennifer,Vasquez,jvasquezou@nifty.com,Female,7,2016-03-03
896,Gloria,Ellis,gellisov@liveinternet.ru,Female,5,2016-05-22
897,Denise,Foster,dfosterow@purevolume.com,Female,8,2016-07-24
898,Christopher,Rivera,criveraox@qq.com,Male,3,2016-08-23
899,Annie,Gibson,agibsonoy@ebay.com,Female,4,2016-02-10
900,Chris,Mitchell,cmitchelloz@bbc.co.uk,Male,7,2016-07-24
901,Julia,Boyd,jboydp0@epa.gov,Female,10,2017-03-10
902,Andrew,Barnes,abarnesp1@uiuc.edu,Male,9,2017-03-01
903,Doris,Morales,dmoralesp2@example.com,Female,5,2016-09-09
904,Carl,Washington,cwashingtonp3@taobao.com,Male,5,2016-11-10
905,Teresa,Olson,tolsonp4@columbia.edu,Female,2,2016-01-20
906,Philip,Johnson,pjohnsonp5@ycombinator.com,Male,3,2016-06-30
907,Louise,Cunningham,lcunninghamp6@cargocollective.com,Female,6,2017-03-13
908,Donald,Hawkins,dhawkinsp7@miibeian.gov.cn,Male,7,2016-08-18
909,Sarah,Hansen,shansenp8@bizjournals.com,Female,3,2016-05-03
910,Philip,Banks,pbanksp9@unblog.fr,Male,1,2016-04-08
911,Sara,Simmons,ssimmonspa@squidoo.com,Female,4,2016-01-19
912,Robert,Rivera,rriverapb@clickbank.net,Male,5,2016-06-05
913,Todd,Fisher,tfisherpc@seattletimes.com,Male,2,2016-06-03
914,Craig,Perkins,cperkinspd@goodreads.com,Male,5,2016-04-09
915,Clarence,Gray,cgraype@epa.gov,Male,1,2016-04-01
916,Charles,Berry,cberrypf@multiply.com,Male,2,2016-02-15
917,Debra,Hudson,dhudsonpg@statcounter.com,Female,3,2016-03-25
918,Steven,Collins,scollinsph@google.fr,Male,6,2016-09-20
919,Harry,Torres,htorrespi@prweb.com,Male,4,2016-04-24
920,Doris,Payne,dpaynepj@npr.org,Female,1,2017-03-23
921,Arthur,Vasquez,avasquezpk@cnn.com,Male,8,2016-08-02
922,Jennifer,Bishop,jbishoppl@macromedia.com,Female,3,2016-12-01
923,Chris,Moreno,cmorenopm@berkeley.edu,Male,1,2016-09-27
924,Roger,Reynolds,rreynoldspn@clickbank.net,Male,4,2016-10-10
925,Eric,Schmidt,eschmidtpo@slideshare.net,Male,1,2016-03-03
926,Anthony,Howard,ahowardpp@google.com.au,Male,1,2017-03-09
927,Ann,Powell,apowellpq@tinyurl.com,Female,4,2016-11-26
928,James,Cole,jcolepr@myspace.com,Male,8,2016-08-26
929,Harry,Stewart,hstewartps@ow.ly,Male,2,2016-10-27
930,Judy,Graham,jgrahampt@shinystat.com,Female,5,2016-08-05
931,Joan,Weaver,jweaverpu@oracle.com,Female,10,2016-07-24
932,Mildred,Perez,mperezpv@mtv.com,Female,2,2017-02-18
933,Shirley,Ray,sraypw@state.tx.us,Female,6,2016-01-28
934,Larry,Garrett,lgarrettpx@ebay.co.uk,Male,5,2016-03-26
935,Scott,Ortiz,sortizpy@independent.co.uk,Male,7,2016-12-30
936,Emily,Anderson,eandersonpz@webnode.com,Female,4,2017-01-01
937,David,Collins,dcollinsq0@dedecms.com,Male,8,2016-02-14
938,Ann,Powell,apowellq1@nps.gov,Female,2,2016-05-22
939,Jonathan,Welch,jwelchq2@shop-pro.jp,Male,6,2016-06-12
940,Edward,Allen,eallenq3@mlb.com,Male,1,2016-03-28
941,Michelle,Burton,mburtonq4@newsvine.com,Female,8,2016-11-22
942,Mark,Wood,mwoodq5@earthlink.net,Male,1,2016-02-11
943,Jack,Cox,jcoxq6@goo.gl,Male,1,2016-12-01
944,William,Ruiz,wruizq7@weather.com,Male,4,2016-09-05
945,Carolyn,Henry,chenryq8@tripod.com,Female,1,2016-08-31
946,Elizabeth,Franklin,efranklinq9@indiatimes.com,Female,1,2016-01-21
947,Michelle,Jacobs,mjacobsqa@yelp.com,Female,1,2016-09-12
948,Lisa,Torres,ltorresqb@usa.gov,Female,2,2017-03-15
949,Kathleen,Lewis,klewisqc@oracle.com,Female,8,2016-08-17
950,Roger,Jenkins,rjenkinsqd@marriott.com,Male,10,2016-07-11
951,Elizabeth,Olson,eolsonqe@addthis.com,Female,2,2016-12-03
952,Irene,Morales,imoralesqf@ezinearticles.com,Female,6,2016-07-06
953,Thomas,Garcia,tgarciaqg@ning.com,Male,5,2017-01-01
954,Margaret,Alvarez,malvarezqh@nhs.uk,Female,3,2016-06-21
955,Gregory,Day,gdayqi@google.ru,Male,4,2017-03-28
956,Kenneth,Gibson,kgibsonqj@dell.com,Male,8,2016-01-01
957,Keith,Johnson,kjohnsonqk@infoseek.co.jp,Male,1,2016-04-07
958,Wanda,Martinez,wmartinezql@sitemeter.com,Female,2,2016-03-15
959,Katherine,Matthews,kmatthewsqm@pcworld.com,Female,10,2016-06-15
960,Billy,Kennedy,bkennedyqn@live.com,Male,7,2016-08-14
961,Joan,Robinson,jrobinsonqo@oakley.com,Female,3,2016-06-19
962,Sandra,Hansen,shansenqp@list-manage.com,Female,8,2016-12-06
963,Phyllis,Cook,pcookqq@ft.com,Female,9,2016-05-15
964,Jerry,Hill,jhillqr@goodreads.com,Male,6,2017-01-04
965,Shawn,Welch,swelchqs@netvibes.com,Male,5,2016-12-25
966,Alice,Myers,amyersqt@delicious.com,Female,4,2017-01-17
967,Lawrence,Medina,lmedinaqu@cloudflare.com,Male,7,2016-06-07
968,Janice,Burke,jburkeqv@earthlink.net,Female,4,2016-09-27
969,Benjamin,Stone,bstoneqw@newyorker.com,Male,10,2017-01-03
970,Kathy,Roberts,krobertsqx@adobe.com,Female,8,2016-04-30
971,Sean,Berry,sberryqy@twitpic.com,Male,7,2016-12-25
972,Nancy,Brooks,nbrooksqz@icq.com,Female,1,2016-02-10
973,Lisa,Miller,lmillerr0@rambler.ru,Female,2,2016-02-17
974,Victor,Armstrong,varmstrongr1@hatena.ne.jp,Male,7,2017-01-08
975,Wayne,Kennedy,wkennedyr2@pagesperso-orange.fr,Male,9,2016-08-17
976,Mildred,Hawkins,mhawkinsr3@tuttocitta.it,Female,2,2016-08-27
977,Barbara,Ruiz,bruizr4@pagesperso-orange.fr,Female,8,2016-09-26
978,Anna,Sanchez,asanchezr5@bbb.org,Female,10,2016-05-08
979,Ralph,Sanders,rsandersr6@smh.com.au,Male,8,2016-06-01
980,Janet,Rivera,jriverar7@wufoo.com,Female,8,2016-07-30
981,Debra,Morgan,dmorganr8@tumblr.com,Female,9,2016-05-21
982,Lori,Holmes,lholmesr9@bigcartel.com,Female,9,2017-03-29
983,Ronald,Marshall,rmarshallra@issuu.com,Male,3,2016-02-21
984,Paula,Vasquez,pvasquezrb@angelfire.com,Female,2,2016-09-29
985,Eugene,Olson,eolsonrc@123-reg.co.uk,Male,8,2016-11-08
986,Dorothy,Dunn,ddunnrd@usnews.com,Female,2,2016-11-12
987,Sharon,Fox,sfoxre@goodreads.com,Female,4,2016-02-04
988,Joshua,Chapman,jchapmanrf@unesco.org,Male,5,2016-03-14
989,Barbara,Hughes,bhughesrg@google.com.br,Female,5,2016-12-28
990,Kenneth,Hunter,khunterrh@youtube.com,Male,8,2016-09-08
991,Heather,Harvey,hharveyri@chronoengine.com,Female,8,2016-09-10
992,Jeremy,Sullivan,jsullivanrj@ted.com,Male,6,2017-02-02
993,Sean,Peters,spetersrk@fema.gov,Male,2,2016-08-09
994,Stephanie,Nichols,snicholsrl@google.es,Female,1,2016-11-28
995,Thomas,Edwards,tedwardsrm@discovery.com,Male,9,2016-05-24
996,Doris,Crawford,dcrawfordrn@imageshack.us,Female,10,2016-08-23
997,Charles,Perry,cperryro@altervista.org,Male,7,2016-03-22
998,Brenda,Burton,bburtonrp@webmd.com,Female,5,2016-02-29
999,Shawn,Mitchell,smitchellrq@mashable.com,Male,8,2016-10-17
1000,Maria,Wallace,mwallacerr@cbc.ca,Female,9,2016-10-09
